SourceTextTitle,SourceTextCode,EventID,StartDate,EndDate
"Absalom, Absalom!",AA,15493,1909-09-06,1909-09-06
"Absalom, Absalom!",AA,15495,1833-06-01 , 1838-12-31
"Absalom, Absalom!",AA,15496,1909-09-06,1909-09-06
"Absalom, Absalom!",AA,15497,1909-09-06,1909-09-06
"Absalom, Absalom!",AA,15500,1909-09-06,1909-09-06
"Absalom, Absalom!",AA,15502,1909-09-06,1909-09-06
"Absalom, Absalom!",AA,15503,1862-01-01 , 1875-12-31
"Absalom, Absalom!",AA,15504,1833-06-01 , 1909-09-06
"Absalom, Absalom!",AA,15505,1909-09-06,1909-09-06
"Absalom, Absalom!",AA,15506,1909-09-06,1909-09-06
"Absalom, Absalom!",AA,15509,1861-01-01 , 1865-04-09
"Absalom, Absalom!",AA,15510,1863-01-01 , 1863-01-23
"Absalom, Absalom!",AA,15511,1838-01-01 , 1838-12-31
"Absalom, Absalom!",AA,15512,1833-06-01 , 1838-12-31
"Absalom, Absalom!",AA,15513,1838-06-03 , 1838-06-30
"Absalom, Absalom!",AA,15514,1833-06-01 , 1833-06-30
"Absalom, Absalom!",AA,15515,1845-01-01 , 1865-12-31
"Absalom, Absalom!",AA,15527,1861-01-01 , 1866-04-30
"Absalom, Absalom!",AA,15537,1838-06-02 , 1838-06-30
"Absalom, Absalom!",AA,15541,1850-01-01 , 1863-12-31
"Absalom, Absalom!",AA,15543,1850-01-01 , 1863-12-31
"Absalom, Absalom!",AA,15549,1848-01-08 , 1848-12-31
"Absalom, Absalom!",AA,15551,1848-01-15 , 1848-12-31
"Absalom, Absalom!",AA,15552,1848-01-15 , 1848-12-31
"Absalom, Absalom!",AA,15553,1849-01-01 , 1849-12-31
"Absalom, Absalom!",AA,15554,1849-01-01 , 1855-12-12
"Absalom, Absalom!",AA,15555,1849-01-01 , 1855-12-31
"Absalom, Absalom!",AA,15558,1910-01-13,1910-01-13
"Absalom, Absalom!",AA,15571,1833-06-07 , 1833-06-30
"Absalom, Absalom!",AA,15572,1833-06-08 , 1833-06-30
"Absalom, Absalom!",AA,15575,1833-08-01 , 1835-12-31
"Absalom, Absalom!",AA,15577,1833-08-01 , 1833-08-31
"Absalom, Absalom!",AA,15578,1840-01-01 , 1864-12-31
"Absalom, Absalom!",AA,15579,1833-08-02 , 1833-11-30
"Absalom, Absalom!",AA,15580,1833-09-01 , 1835-12-31
"Absalom, Absalom!",AA,15582,1909-09-06 , 1910-01-13
"Absalom, Absalom!",AA,15585,1835-01-01 , 1838-12-31
"Absalom, Absalom!",AA,15586,1838-01-01 , 1838-12-31
"Absalom, Absalom!",AA,15588,1838-01-03 , 1838-01-31
"Absalom, Absalom!",AA,15589,1838-04-01 , 1838-04-29
"Absalom, Absalom!",AA,15590,1838-04-02 , 1838-04-30
"Absalom, Absalom!",AA,15591,1838-04-02 , 1838-04-30
"Absalom, Absalom!",AA,15592,1838-04-02 , 1838-04-30
"Absalom, Absalom!",AA,15594,1838-04-02 , 1838-04-30
"Absalom, Absalom!",AA,15597,1838-04-03 , 1838-05-31
"Absalom, Absalom!",AA,15600,1820-03-01 , 1820-12-31
"Absalom, Absalom!",AA,15601,1855-01-01 , 1855-12-31
"Absalom, Absalom!",AA,15603,1838-05-01 , 1838-05-31
"Absalom, Absalom!",AA,15607,1858-06-03 , 1858-12-31
"Absalom, Absalom!",AA,15609,1838-06-03 , 1838-06-30
"Absalom, Absalom!",AA,15612,1909-09-06,1909-09-06
"Absalom, Absalom!",AA,15613,1864-01-01 , 1864-12-31
"Absalom, Absalom!",AA,15614,1845-01-01 , 1860-12-31
"Absalom, Absalom!",AA,15617,1864-01-01 , 1866-12-31
"Absalom, Absalom!",AA,15618,1909-09-06,1909-09-06
"Absalom, Absalom!",AA,15620,1845-01-01 , 1859-12-31
"Absalom, Absalom!",AA,15621,1855-01-01 , 1855-12-31
"Absalom, Absalom!",AA,15623,1855-01-01 , 1859-12-31
"Absalom, Absalom!",AA,15624,1861-01-01 , 1863-12-31
"Absalom, Absalom!",AA,15625,1855-01-01 , 1859-12-31
"Absalom, Absalom!",AA,15626,1859-09-01 , 1860-09-30
"Absalom, Absalom!",AA,15627,1861-01-01 , 1865-12-31
"Absalom, Absalom!",AA,15628,1859-01-01 , 1860-12-31
"Absalom, Absalom!",AA,15629,1859-01-01 , 1860-12-31
"Absalom, Absalom!",AA,15630,1859-12-25 , 1860-09-01
"Absalom, Absalom!",AA,15632,1860-06-01 , 1860-08-31
"Absalom, Absalom!",AA,15634,1859-12-25 , 1860-01-01
"Absalom, Absalom!",AA,15635,1860-06-01 , 1860-08-31
"Absalom, Absalom!",AA,15637,1860-06-01 , 1860-08-31
"Absalom, Absalom!",AA,15639,1860-07-01 , 1860-12-31
"Absalom, Absalom!",AA,15641,1859-09-01 , 1860-06-30
"Absalom, Absalom!",AA,15643,1860-01-05 , 1860-08-31
"Absalom, Absalom!",AA,15644,1860-01-06 , 1860-06-30
"Absalom, Absalom!",AA,15647,1860-01-05 , 1860-06-30
"Absalom, Absalom!",AA,15648,1860-06-01 , 1860-08-31
"Absalom, Absalom!",AA,15650,1860-06-01 , 1860-08-31
"Absalom, Absalom!",AA,15651,1860-08-01 , 1863-12-31
"Absalom, Absalom!",AA,15652,1860-11-06 , 1861-04-15
"Absalom, Absalom!",AA,15653,1860-12-24 , 1860-12-25
"Absalom, Absalom!",AA,15654,1860-12-26 , 1861-01-09
"Absalom, Absalom!",AA,15655,1861-06-01 , 1861-07-31
"Absalom, Absalom!",AA,15656,1866-07-01 , 1869-08-12
"Absalom, Absalom!",AA,15657,1861-06-01 , 1861-12-31
"Absalom, Absalom!",AA,15658,1869-08-12 , 1870-12-31
"Absalom, Absalom!",AA,15660,1861-09-01 , 1861-12-31
"Absalom, Absalom!",AA,15661,1861-09-01 , 1864-12-31
"Absalom, Absalom!",AA,15662,1885-01-01 , 1885-12-31
"Absalom, Absalom!",AA,15666,1865-01-01 , 1865-03-31
"Absalom, Absalom!",AA,15668,1862-01-01 , 1863-12-31
"Absalom, Absalom!",AA,15669,1860-12-25 , 1865-05-03
"Absalom, Absalom!",AA,15670,1865-01-01 , 1865-03-31
"Absalom, Absalom!",AA,15671,1865-01-01 , 1865-03-31
"Absalom, Absalom!",AA,15672,1865-05-03,1865-05-03
"Absalom, Absalom!",AA,15673,1909-09-06,1909-09-06
"Absalom, Absalom!",AA,15676,1865-05-03,1865-05-03
"Absalom, Absalom!",AA,15677,1860-12-24,1860-12-24
"Absalom, Absalom!",AA,15678,1860-12-25,1860-12-25
"Absalom, Absalom!",AA,15679,1860-12-24,1860-12-24
"Absalom, Absalom!",AA,15681,1860-12-25,1860-12-25
"Absalom, Absalom!",AA,15682,1860-12-24,1860-12-24
"Absalom, Absalom!",AA,15683,1865-05-03,1865-05-03
"Absalom, Absalom!",AA,15684,1860-12-25,1860-12-25
"Absalom, Absalom!",AA,15685,1860-12-24,1860-12-24
"Absalom, Absalom!",AA,15686,1860-06-10 , 1860-06-30
"Absalom, Absalom!",AA,15687,1859-12-25 , 1860-12-25
"Absalom, Absalom!",AA,15688,1909-09-06,1909-09-06
"Absalom, Absalom!",AA,15689,1865-05-03 , 1865-05-31
"Absalom, Absalom!",AA,15691,1859-09-01 , 1860-12-24
"Absalom, Absalom!",AA,15694,1859-09-01 , 1859-12-24
"Absalom, Absalom!",AA,15695,1859-12-25 , 1860-12-24
"Absalom, Absalom!",AA,15699,1909-09-06,1909-09-06
"Absalom, Absalom!",AA,15703,1860-05-15 , 1860-06-10
"Absalom, Absalom!",AA,15704,1860-01-03 , 1860-01-04
"Absalom, Absalom!",AA,15705,1860-01-04 , 1860-05-31
"Absalom, Absalom!",AA,15706,1860-01-06 , 1860-03-31
"Absalom, Absalom!",AA,15707,1860-05-15 , 1860-06-10
"Absalom, Absalom!",AA,15708,1860-06-01 , 1860-06-10
"Absalom, Absalom!",AA,15709,1865-05-03 , 1865-05-04
"Absalom, Absalom!",AA,15711,1860-06-03 , 1860-06-30
"Absalom, Absalom!",AA,15712,1860-06-03 , 1860-08-31
"Absalom, Absalom!",AA,15713,1860-09-01 , 1860-12-23
"Absalom, Absalom!",AA,15717,1860-12-25 , 1860-12-26
"Absalom, Absalom!",AA,15719,1909-09-06,1909-09-06
"Absalom, Absalom!",AA,15720,1860-12-25 , 1860-12-26
"Absalom, Absalom!",AA,15721,1855-01-01 , 1859-08-31
"Absalom, Absalom!",AA,15729,1860-12-27 , 1861-01-31
"Absalom, Absalom!",AA,15730,1861-02-01 , 1865-04-30
"Absalom, Absalom!",AA,15731,1861-05-01 , 1861-05-31
"Absalom, Absalom!",AA,15732,1861-01-01 , 1861-08-31
"Absalom, Absalom!",AA,15734,1861-01-01 , 1865-03-30
"Absalom, Absalom!",AA,15736,1861-01-01 , 1865-03-30
"Absalom, Absalom!",AA,15737,1860-12-25 , 1861-08-31
"Absalom, Absalom!",AA,15738,1861-05-01 , 1861-05-31
"Absalom, Absalom!",AA,15739,1861-06-01 , 1861-06-30
"Absalom, Absalom!",AA,15742,1861-07-01 , 1865-03-30
"Absalom, Absalom!",AA,15745,1861-01-01 , 1863-12-31
"Absalom, Absalom!",AA,15747,1861-01-01 , 1863-12-31
"Absalom, Absalom!",AA,15748,1862-01-01 , 1863-12-31
"Absalom, Absalom!",AA,15749,1863-01-23,1863-01-23
"Absalom, Absalom!",AA,15752,1863-08-01 , 1863-12-31
"Absalom, Absalom!",AA,15754,1909-09-06,1909-09-06
"Absalom, Absalom!",AA,15755,1865-05-10 , 1865-05-12
"Absalom, Absalom!",AA,15760,1865-03-02 , 1865-03-31
"Absalom, Absalom!",AA,15762,1865-03-15 , 1865-04-15
"Absalom, Absalom!",AA,15765,1865-05-03,1865-05-03
"Absalom, Absalom!",AA,15766,1865-05-03,1865-05-03
"Absalom, Absalom!",AA,15767,1865-05-03,1865-05-03
"Absalom, Absalom!",AA,15768,1865-05-03,1865-05-03
"Absalom, Absalom!",AA,15770,1865-05-03,1865-05-03
"Absalom, Absalom!",AA,15771,1865-05-03,1865-05-03
"Absalom, Absalom!",AA,15774,1865-05-03,1865-05-03
"Absalom, Absalom!",AA,15776,1865-05-03,1865-05-03
"Absalom, Absalom!",AA,15777,1865-05-03,1865-05-03
"Absalom, Absalom!",AA,15780,1860-06-03 , 1860-06-30
"Absalom, Absalom!",AA,15783,1860-06-03 , 1860-06-30
"Absalom, Absalom!",AA,15784,1860-01-01 , 1860-06-02
"Absalom, Absalom!",AA,15785,1860-06-03 , 1860-06-30
"Absalom, Absalom!",AA,15786,1860-06-03 , 1860-06-30
"Absalom, Absalom!",AA,15787,1909-09-06,1909-09-06
"Absalom, Absalom!",AA,15789,1860-06-03 , 1860-06-30
"Absalom, Absalom!",AA,15790,1860-06-06 , 1860-06-30
"Absalom, Absalom!",AA,15792,1865-05-03,1865-05-03
"Absalom, Absalom!",AA,15796,1865-05-04 , 1865-05-05
"Absalom, Absalom!",AA,15797,1865-05-04 , 1865-05-06
"Absalom, Absalom!",AA,15802,1865-05-05 , 1865-11-30
"Absalom, Absalom!",AA,15803,1865-12-01 , 1865-12-31
"Absalom, Absalom!",AA,15804,1866-01-01 , 1866-01-31
"Absalom, Absalom!",AA,15807,1866-03-01 , 1866-03-31
"Absalom, Absalom!",AA,15808,1865-05-04 , 1865-05-05
"Absalom, Absalom!",AA,15813,1909-09-06,1909-09-06
"Absalom, Absalom!",AA,15814,1850-01-01 , 1866-06-30
"Absalom, Absalom!",AA,15815,1866-06-01 , 1866-06-30
"Absalom, Absalom!",AA,15816,1909-09-06,1909-09-06
"Absalom, Absalom!",AA,15818,1869-08-12,1869-08-12
"Absalom, Absalom!",AA,15820,1865-05-03,1865-05-03
"Absalom, Absalom!",AA,15821,1909-09-06,1909-09-06
"Absalom, Absalom!",AA,15822,1910-01-13,1910-01-13
"Absalom, Absalom!",AA,15823,1910-01-10,1910-01-10
"Absalom, Absalom!",AA,15824,1910-01-13,1910-01-13
"Absalom, Absalom!",AA,15830,1910-01-13,1910-01-13
"Absalom, Absalom!",AA,15831,1910-01-13,1910-01-13
"Absalom, Absalom!",AA,15834,1852-01-01 , 1866-12-31
"Absalom, Absalom!",AA,15836,1866-07-01 , 1868-12-31
"Absalom, Absalom!",AA,15843,1869-08-12,1869-08-12
"Absalom, Absalom!",AA,15844,1869-08-13,1869-08-13
"Absalom, Absalom!",AA,15845,1869-08-13,1869-08-13
"Absalom, Absalom!",AA,15846,1869-08-14 , 1869-12-31
"Absalom, Absalom!",AA,15848,1869-08-14 , 1869-12-31
"Absalom, Absalom!",AA,15850,1910-01-13,1910-01-13
"Absalom, Absalom!",AA,15851,1908-09-01 , 1908-10-31
"Absalom, Absalom!",AA,15852,1862-07-01 , 1864-11-30
"Absalom, Absalom!",AA,15853,1908-09-01 , 1908-10-31
"Absalom, Absalom!",AA,15854,1871-12-01 , 1871-12-31
"Absalom, Absalom!",AA,15855,1908-09-01 , 1908-10-31
"Absalom, Absalom!",AA,15856,1870-06-01 , 1870-08-31
"Absalom, Absalom!",AA,15857,1908-09-01 , 1908-10-31
"Absalom, Absalom!",AA,15860,1871-12-01 , 1871-12-10
"Absalom, Absalom!",AA,15861,1871-12-20 , 1871-12-31
"Absalom, Absalom!",AA,15862,1875-01-01 , 1890-12-31
"Absalom, Absalom!",AA,15865,1871-12-10 , 1871-12-31
"Absalom, Absalom!",AA,15870,1872-01-01 , 1874-12-31
"Absalom, Absalom!",AA,15872,1880-01-02 , 1880-12-31
"Absalom, Absalom!",AA,15875,1880-01-02 , 1880-12-31
"Absalom, Absalom!",AA,15876,1880-01-02 , 1880-12-31
"Absalom, Absalom!",AA,15877,1881-01-01 , 1881-12-31
"Absalom, Absalom!",AA,15883,1881-01-01 , 1881-12-31
"Absalom, Absalom!",AA,15884,1909-09-06,1909-09-06
"Absalom, Absalom!",AA,15885,1910-01-13,1910-01-13
"Absalom, Absalom!",AA,15886,1881-01-01 , 1881-12-31
"Absalom, Absalom!",AA,15888,1881-01-02 , 1884-12-31
"Absalom, Absalom!",AA,15890,1884-01-20 , 1884-01-31
"Absalom, Absalom!",AA,15891,1884-02-12 , 1884-02-15
"Absalom, Absalom!",AA,15893,1908-09-01 , 1908-10-31
"Absalom, Absalom!",AA,15895,1896-01-01 , 1896-12-31
"Absalom, Absalom!",AA,15896,1908-09-01 , 1908-10-31
"Absalom, Absalom!",AA,15897,1910-01-13,1910-01-13
"Absalom, Absalom!",AA,15898,1884-02-15 , 1884-02-29
"Absalom, Absalom!",AA,15899,1866-07-01 , 1900-12-31
"Absalom, Absalom!",AA,15901,1866-07-01 , 1900-12-31
"Absalom, Absalom!",AA,15902,1910-01-13,1910-01-13
"Absalom, Absalom!",AA,15907,1908-09-01 , 1908-10-31
"Absalom, Absalom!",AA,15908,1882-01-01 , 1909-09-06
"Absalom, Absalom!",AA,15909,1909-09-06,1909-09-06
"Absalom, Absalom!",AA,15911,1910-01-13,1910-01-13
"Absalom, Absalom!",AA,15913,1910-01-13,1910-01-13
"Absalom, Absalom!",AA,15915,1910-01-13,1910-01-13
"Absalom, Absalom!",AA,15916,1834-06-01 , 1834-08-31
"Absalom, Absalom!",AA,15918,1834-06-03 , 1834-08-31
"Absalom, Absalom!",AA,15920,1910-01-13,1910-01-13
"Absalom, Absalom!",AA,15921,1808-01-01 , 1817-12-31
"Absalom, Absalom!",AA,15922,1817-01-01 , 1817-12-31
"Absalom, Absalom!",AA,15923,1817-01-01 , 1817-12-31
"Absalom, Absalom!",AA,15926,1818-01-02 , 1819-12-31
"Absalom, Absalom!",AA,15927,1820-03-01 , 1820-12-31
"Absalom, Absalom!",AA,15928,1818-01-01 , 1819-12-31
"Absalom, Absalom!",AA,15930,1820-03-01 , 1820-12-31
"Absalom, Absalom!",AA,15931,1820-03-01 , 1820-12-31
"Absalom, Absalom!",AA,15932,1820-03-01 , 1820-12-31
"Absalom, Absalom!",AA,15933,1910-01-13,1910-01-13
"Absalom, Absalom!",AA,15934,1834-06-03 , 1834-08-31
"Absalom, Absalom!",AA,15937,1831-01-01 , 1832-12-31
"Absalom, Absalom!",AA,15939,1819-11-01 , 1820-02-28
"Absalom, Absalom!",AA,15941,1820-03-02 , 1820-12-31
"Absalom, Absalom!",AA,15942,1834-06-03 , 1834-08-31
"Absalom, Absalom!",AA,15944,1834-06-03 , 1834-08-31
"Absalom, Absalom!",AA,15945,1864-11-01 , 1864-11-30
"Absalom, Absalom!",AA,15946,1826-01-10 , 1826-12-31
"Absalom, Absalom!",AA,15948,1910-01-13,1910-01-13
"Absalom, Absalom!",AA,15950,1864-11-01 , 1864-11-30
"Absalom, Absalom!",AA,15966,1910-01-13,1910-01-13
"Absalom, Absalom!",AA,15988,1823-01-01 , 1825-12-31
"Absalom, Absalom!",AA,15991,1826-01-10 , 1826-12-31
"Absalom, Absalom!",AA,15994,1834-01-01 , 1855-12-31
"Absalom, Absalom!",AA,15995,1826-01-07 , 1826-12-31
"Absalom, Absalom!",AA,15998,1834-06-03 , 1834-08-31
"Absalom, Absalom!",AA,16002,1910-01-13,1910-01-13
"Absalom, Absalom!",AA,16003,1834-06-03 , 1834-08-31
"Absalom, Absalom!",AA,16007,1910-01-13,1910-01-13
"Absalom, Absalom!",AA,16009,1836-01-01 , 1838-12-31
"Absalom, Absalom!",AA,16010,1859-01-01 , 1861-12-31
"Absalom, Absalom!",AA,16011,1835-01-01 , 1845-12-31
"Absalom, Absalom!",AA,16012,1864-11-01 , 1864-11-30
"Absalom, Absalom!",AA,16013,1910-01-13,1910-01-13
"Absalom, Absalom!",AA,16016,1864-11-01 , 1864-12-31
"Absalom, Absalom!",AA,16019,1864-11-01 , 1864-11-30
"Absalom, Absalom!",AA,16022,1831-01-01 , 1831-12-31
"Absalom, Absalom!",AA,16024,1910-01-13,1910-01-13
"Absalom, Absalom!",AA,16025,1859-12-25,1859-12-25
"Absalom, Absalom!",AA,16028,1860-01-05 , 1860-05-31
"Absalom, Absalom!",AA,16029,1860-05-15 , 1860-06-10
"Absalom, Absalom!",AA,16031,1861-01-01 , 1864-11-30
"Absalom, Absalom!",AA,16032,1864-11-01 , 1864-11-30
"Absalom, Absalom!",AA,16034,1910-01-13,1910-01-13
"Absalom, Absalom!",AA,16036,1864-11-01 , 1864-11-30
"Absalom, Absalom!",AA,16037,1865-04-01 , 1865-04-30
"Absalom, Absalom!",AA,16038,1910-01-13,1910-01-13
"Absalom, Absalom!",AA,16039,1866-01-01 , 1866-01-31
"Absalom, Absalom!",AA,16040,1866-01-02 , 1866-05-31
"Absalom, Absalom!",AA,16041,1866-06-01 , 1866-06-30
"Absalom, Absalom!",AA,16042,1910-01-13,1910-01-13
"Absalom, Absalom!",AA,16044,1861-08-01 , 1865-12-31
"Absalom, Absalom!",AA,16045,1867-01-01 , 1869-07-31
"Absalom, Absalom!",AA,16046,1868-08-01 , 1868-08-31
"Absalom, Absalom!",AA,16047,1869-08-12,1869-08-12
"Absalom, Absalom!",AA,16048,1869-05-01 , 1869-07-31
"Absalom, Absalom!",AA,16049,1869-08-12,1869-08-12
"Absalom, Absalom!",AA,16050,1869-08-12,1869-08-12
"Absalom, Absalom!",AA,16053,1910-01-13,1910-01-13
"Absalom, Absalom!",AA,16055,1869-08-12,1869-08-12
"Absalom, Absalom!",AA,16057,1910-01-13,1910-01-13
"Absalom, Absalom!",AA,16058,1869-08-12,1869-08-12
"Absalom, Absalom!",AA,16059,1869-08-12,1869-08-12
"Absalom, Absalom!",AA,16060,1910-01-13,1910-01-13
"Absalom, Absalom!",AA,16061,1864-11-01 , 1864-11-30
"Absalom, Absalom!",AA,16062,1910-01-13,1910-01-13
"Absalom, Absalom!",AA,16064,1860-12-24,1860-12-24
"Absalom, Absalom!",AA,16065,1910-01-13,1910-01-13
"Absalom, Absalom!",AA,16066,1860-12-24,1860-12-24
"Absalom, Absalom!",AA,16069,1833-01-01 , 1859-12-31
"Absalom, Absalom!",AA,16077,1855-01-01 , 1858-12-31
"Absalom, Absalom!",AA,16081,1855-01-01 , 1858-12-31
"Absalom, Absalom!",AA,16084,1859-08-01 , 1859-08-31
"Absalom, Absalom!",AA,16085,1859-08-01 , 1859-08-31
"Absalom, Absalom!",AA,16086,1859-08-01 , 1859-08-31
"Absalom, Absalom!",AA,16087,1859-08-01 , 1859-08-31
"Absalom, Absalom!",AA,16088,1859-08-01 , 1859-08-31
"Absalom, Absalom!",AA,16091,1859-08-02 , 1859-08-31
"Absalom, Absalom!",AA,16093,1859-08-04 , 1859-08-31
"Absalom, Absalom!",AA,16094,1859-10-01 , 1859-11-30
"Absalom, Absalom!",AA,16095,1859-08-02 , 1859-08-31
"Absalom, Absalom!",AA,16096,1859-08-02 , 1859-08-31
"Absalom, Absalom!",AA,16098,1910-01-14,1910-01-14
"Absalom, Absalom!",AA,16099,1859-09-15 , 1859-11-30
"Absalom, Absalom!",AA,16100,1859-12-01 , 1859-12-15
"Absalom, Absalom!",AA,16101,1859-12-20 , 1859-12-25
"Absalom, Absalom!",AA,16102,1859-12-25,1859-12-25
"Absalom, Absalom!",AA,16103,1859-12-25 , 1860-01-04
"Absalom, Absalom!",AA,16108,1859-12-25 , 1860-01-04
"Absalom, Absalom!",AA,16109,1910-01-14,1910-01-14
"Absalom, Absalom!",AA,16110,1860-03-01 , 1860-05-31
"Absalom, Absalom!",AA,16112,1859-09-25 , 1860-05-31
"Absalom, Absalom!",AA,16113,1860-01-05 , 1860-05-30
"Absalom, Absalom!",AA,16114,1860-05-01 , 1860-05-31
"Absalom, Absalom!",AA,16115,1860-06-01 , 1860-06-10
"Absalom, Absalom!",AA,16117,1860-06-02 , 1860-06-10
"Absalom, Absalom!",AA,16119,1860-06-01 , 1860-06-10
"Absalom, Absalom!",AA,16120,1860-06-01 , 1860-06-10
"Absalom, Absalom!",AA,16123,1860-06-01 , 1860-06-10
"Absalom, Absalom!",AA,16125,1860-06-03 , 1860-06-13
"Absalom, Absalom!",AA,16126,1860-06-04 , 1860-06-30
"Absalom, Absalom!",AA,16127,1860-06-11 , 1860-06-30
"Absalom, Absalom!",AA,16129,1861-06-01 , 1861-08-31
"Absalom, Absalom!",AA,16130,1860-06-12 , 1860-06-30
"Absalom, Absalom!",AA,16132,1860-09-01 , 1860-10-31
"Absalom, Absalom!",AA,16134,1860-12-24,1860-12-24
"Absalom, Absalom!",AA,16138,1860-12-24,1860-12-24
"Absalom, Absalom!",AA,16142,1860-12-28 , 1860-12-31
"Absalom, Absalom!",AA,16144,1861-01-01 , 1861-01-31
"Absalom, Absalom!",AA,16148,1860-09-02 , 1861-01-08
"Absalom, Absalom!",AA,16151,1862-04-08 , 1862-05-31
"Absalom, Absalom!",AA,16152,1861-01-09 , 1861-01-31
"Absalom, Absalom!",AA,16153,1861-01-09 , 1861-01-31
"Absalom, Absalom!",AA,16156,1861-01-16 , 1861-05-31
"Absalom, Absalom!",AA,16157,1861-04-01 , 1861-05-31
"Absalom, Absalom!",AA,16158,1860-12-25 , 1861-01-01
"Absalom, Absalom!",AA,16159,1861-05-01 , 1861-05-31
"Absalom, Absalom!",AA,16161,1910-01-14,1910-01-14
"Absalom, Absalom!",AA,16162,1861-05-02 , 1861-05-31
"Absalom, Absalom!",AA,16163,1861-06-01 , 1861-12-31
"Absalom, Absalom!",AA,16164,1862-03-01 , 1862-04-05
"Absalom, Absalom!",AA,16166,1910-01-14,1910-01-14
"Absalom, Absalom!",AA,16167,1862-04-07,1862-04-07
"Absalom, Absalom!",AA,16172,1864-12-01 , 1864-12-31
"Absalom, Absalom!",AA,16174,1865-01-01 , 1865-03-31
"Absalom, Absalom!",AA,16175,1865-01-01 , 1865-02-28
"Absalom, Absalom!",AA,16177,1865-03-02 , 1865-03-31
"Absalom, Absalom!",AA,16178,1865-03-02 , 1865-03-31
"Absalom, Absalom!",AA,16179,1865-04-01 , 1865-04-30
"Absalom, Absalom!",AA,16180,1909-09-06,1909-09-06
"Absalom, Absalom!",AA,16183,1865-04-01 , 1865-04-30
"Absalom, Absalom!",AA,16184,1865-04-01 , 1865-04-30
"Absalom, Absalom!",AA,16185,1865-04-01 , 1865-04-30
"Absalom, Absalom!",AA,16186,1865-04-02 , 1865-04-30
"Absalom, Absalom!",AA,16188,1865-05-03,1865-05-03
"Absalom, Absalom!",AA,16189,1910-01-14,1910-01-14
"Absalom, Absalom!",AA,16191,1910-01-14,1910-01-14
"Absalom, Absalom!",AA,16192,1909-09-06,1909-09-06
"Absalom, Absalom!",AA,16193,1909-09-06,1909-09-06
"Absalom, Absalom!",AA,16197,1909-09-06,1909-09-06
"Absalom, Absalom!",AA,16202,1909-09-06,1909-09-06
"Absalom, Absalom!",AA,16211,1909-09-06,1909-09-06
"Absalom, Absalom!",AA,16214,1910-01-14,1910-01-14
"Absalom, Absalom!",AA,16215,1909-12-26 , 1909-12-27
"Absalom, Absalom!",AA,16218,1909-12-26 , 1909-12-27
"Absalom, Absalom!",AA,16219,1909-12-26 , 1910-01-08
"Absalom, Absalom!",AA,16223,1910-01-14,1910-01-14
"Absalom, Absalom!",AA,16246,1909-09-06,1909-09-06
"Absalom, Absalom!",AA,22378,1817-01-01 , 1817-12-31
"Absalom, Absalom!",AA,15494,1833-06-01 , 1833-06-30
"Absalom, Absalom!",AA,15499,1909-09-06,1909-09-06
"Absalom, Absalom!",AA,15501,1909-09-06,1909-09-06
"Absalom, Absalom!",AA,15507,1833-06-01 , 1838-12-31
"Absalom, Absalom!",AA,15508,1838-01-01 , 1838-12-31
"Absalom, Absalom!",AA,15521,1866-04-01 , 1866-04-30
"Absalom, Absalom!",AA,15524,1850-01-01 , 1866-04-23
"Absalom, Absalom!",AA,15529,1909-09-06,1909-09-06
"Absalom, Absalom!",AA,15542,1909-09-06,1909-09-06
"Absalom, Absalom!",AA,15545,1909-09-06,1909-09-06
"Absalom, Absalom!",AA,15546,1848-01-01 , 1848-12-31
"Absalom, Absalom!",AA,15556,1855-01-01 , 1855-12-31
"Absalom, Absalom!",AA,15557,1909-09-06,1909-09-06
"Absalom, Absalom!",AA,15559,1833-06-01 , 1909-09-06
"Absalom, Absalom!",AA,15560,1833-06-01 , 1833-06-30
"Absalom, Absalom!",AA,15561,1833-07-01 , 1833-07-31
"Absalom, Absalom!",AA,15562,1833-06-01 , 1833-06-30
"Absalom, Absalom!",AA,15563,1835-01-01 , 1840-12-31
"Absalom, Absalom!",AA,15564,1833-06-01 , 1833-06-30
"Absalom, Absalom!",AA,15565,1909-09-06,1909-09-06
"Absalom, Absalom!",AA,15566,1833-06-04 , 1833-07-31
"Absalom, Absalom!",AA,15567,1833-06-03 , 1833-07-31
"Absalom, Absalom!",AA,15568,1840-01-01 , 1864-12-31
"Absalom, Absalom!",AA,15569,1833-06-01 , 1839-12-31
"Absalom, Absalom!",AA,15570,1833-06-02 , 1833-06-30
"Absalom, Absalom!",AA,15574,1909-09-06,1909-09-06
"Absalom, Absalom!",AA,15576,1837-01-01 , 1842-12-31
"Absalom, Absalom!",AA,15583,1833-09-01 , 1835-12-31
"Absalom, Absalom!",AA,15584,1834-06-04 , 1864-11-30
"Absalom, Absalom!",AA,15587,1838-01-02 , 1838-12-31
"Absalom, Absalom!",AA,15593,1838-04-02 , 1838-04-30
"Absalom, Absalom!",AA,15595,1838-04-02 , 1838-04-30
"Absalom, Absalom!",AA,15596,1838-06-03 , 1838-06-30
"Absalom, Absalom!",AA,15598,1838-06-03 , 1838-06-30
"Absalom, Absalom!",AA,15599,1838-04-03 , 1838-05-31
"Absalom, Absalom!",AA,15602,1821-01-01 , 1831-12-31
"Absalom, Absalom!",AA,15604,1838-06-01 , 1838-06-28
"Absalom, Absalom!",AA,15605,1838-06-02 , 1838-06-29
"Absalom, Absalom!",AA,15606,1838-06-03 , 1838-06-30
"Absalom, Absalom!",AA,15608,1838-06-03 , 1838-06-30
"Absalom, Absalom!",AA,15610,1838-06-03 , 1838-06-30
"Absalom, Absalom!",AA,15611,1838-07-01 , 1850-12-31
"Absalom, Absalom!",AA,15615,1861-07-01 , 1864-12-31
"Absalom, Absalom!",AA,15616,1838-06-04 , 1854-12-31
"Absalom, Absalom!",AA,15619,1845-01-01 , 1855-12-31
"Absalom, Absalom!",AA,15622,1854-01-01 , 1855-12-31
"Absalom, Absalom!",AA,15631,1860-01-06 , 1860-08-31
"Absalom, Absalom!",AA,15633,1859-06-01 , 1860-08-31
"Absalom, Absalom!",AA,15636,1848-01-01 , 1860-08-31
"Absalom, Absalom!",AA,15638,1860-07-01 , 1860-12-31
"Absalom, Absalom!",AA,15645,1860-01-07 , 1860-06-30
"Absalom, Absalom!",AA,15649,1855-01-01 , 1860-08-31
"Absalom, Absalom!",AA,15659,1861-06-01 , 1861-12-31
"Absalom, Absalom!",AA,15663,1864-01-01 , 1864-12-31
"Absalom, Absalom!",AA,15664,1840-01-01 , 1862-12-31
"Absalom, Absalom!",AA,15665,1828-01-01 , 1864-12-31
"Absalom, Absalom!",AA,15674,1909-09-06,1909-09-06
"Absalom, Absalom!",AA,15675,1860-12-24,1860-12-24
"Absalom, Absalom!",AA,15680,1860-12-28 , 1865-03-31
"Absalom, Absalom!",AA,15690,1859-09-01 , 1860-12-25
"Absalom, Absalom!",AA,15692,1860-12-27 , 1865-04-30
"Absalom, Absalom!",AA,15693,1859-12-25 , 1860-12-24
"Absalom, Absalom!",AA,15696,1865-05-03,1865-05-03
"Absalom, Absalom!",AA,15697,1859-09-01 , 1859-12-25
"Absalom, Absalom!",AA,15698,1845-01-01 , 1858-12-31
"Absalom, Absalom!",AA,15700,1859-12-25 , 1860-01-03
"Absalom, Absalom!",AA,15701,1860-12-28 , 1865-03-31
"Absalom, Absalom!",AA,15702,1859-12-25 , 1860-01-03
"Absalom, Absalom!",AA,15710,1860-06-01 , 1860-06-10
"Absalom, Absalom!",AA,15714,1860-12-24,1860-12-24
"Absalom, Absalom!",AA,15718,1859-09-01 , 1860-06-30
"Absalom, Absalom!",AA,15725,1860-12-27 , 1861-01-31
"Absalom, Absalom!",AA,15727,1860-12-27 , 1861-01-31
"Absalom, Absalom!",AA,15728,1860-12-27 , 1861-01-31
"Absalom, Absalom!",AA,15733,1855-01-01 , 1855-12-31
"Absalom, Absalom!",AA,15735,1909-09-06,1909-09-06
"Absalom, Absalom!",AA,15740,1861-07-01 , 1862-03-31
"Absalom, Absalom!",AA,15741,1862-04-06 , 1862-04-07
"Absalom, Absalom!",AA,15743,1862-01-01 , 1862-12-31
"Absalom, Absalom!",AA,15744,1861-01-01 , 1863-12-31
"Absalom, Absalom!",AA,15746,1852-01-01 , 1861-08-31
"Absalom, Absalom!",AA,15751,1862-06-01 , 1862-08-31
"Absalom, Absalom!",AA,15753,1864-01-01 , 1864-12-31
"Absalom, Absalom!",AA,15756,1909-09-06,1909-09-06
"Absalom, Absalom!",AA,15757,1860-01-10 , 1860-12-23
"Absalom, Absalom!",AA,15758,1865-03-15 , 1865-05-03
"Absalom, Absalom!",AA,15759,1909-09-06,1909-09-06
"Absalom, Absalom!",AA,15763,1865-03-02 , 1865-03-31
"Absalom, Absalom!",AA,15764,1865-05-03,1865-05-03
"Absalom, Absalom!",AA,15769,1865-05-03,1865-05-03
"Absalom, Absalom!",AA,15772,1850-01-01 , 1860-12-31
"Absalom, Absalom!",AA,15773,1865-05-03,1865-05-03
"Absalom, Absalom!",AA,15778,1860-06-03 , 1860-06-30
"Absalom, Absalom!",AA,15779,1909-09-06,1909-09-06
"Absalom, Absalom!",AA,15781,1850-01-01 , 1860-06-01
"Absalom, Absalom!",AA,15782,1860-06-03 , 1860-06-30
"Absalom, Absalom!",AA,15788,1860-06-03 , 1860-06-30
"Absalom, Absalom!",AA,15791,1860-06-07 , 1865-04-01
"Absalom, Absalom!",AA,15793,1859-12-26 , 1860-12-24
"Absalom, Absalom!",AA,15794,1861-04-12 , 1865-04-09
"Absalom, Absalom!",AA,15795,1865-05-03,1865-05-03
"Absalom, Absalom!",AA,15798,1865-05-06 , 1865-05-08
"Absalom, Absalom!",AA,15805,1866-01-02 , 1866-03-15
"Absalom, Absalom!",AA,15806,1866-03-01 , 1866-03-10
"Absalom, Absalom!",AA,15809,1866-04-01 , 1866-04-30
"Absalom, Absalom!",AA,15810,1866-04-01 , 1866-04-30
"Absalom, Absalom!",AA,15811,1866-04-01 , 1866-04-30
"Absalom, Absalom!",AA,15812,1866-05-01 , 1866-06-30
"Absalom, Absalom!",AA,15819,1909-09-06,1909-09-06
"Absalom, Absalom!",AA,15825,1909-09-10 , 1910-01-13
"Absalom, Absalom!",AA,15826,1909-09-06,1909-09-06
"Absalom, Absalom!",AA,15827,1865-05-03,1865-05-03
"Absalom, Absalom!",AA,15828,1909-09-06,1909-09-06
"Absalom, Absalom!",AA,15829,1909-09-06,1909-09-06
"Absalom, Absalom!",AA,15832,1866-01-01 , 1866-12-31
"Absalom, Absalom!",AA,15833,1866-07-01 , 1869-03-31
"Absalom, Absalom!",AA,15835,1852-01-01 , 1860-12-31
"Absalom, Absalom!",AA,15837,1866-07-01 , 1868-12-31
"Absalom, Absalom!",AA,15838,1861-06-01 , 1868-12-31
"Absalom, Absalom!",AA,15839,1910-01-13,1910-01-13
"Absalom, Absalom!",AA,15840,1869-08-12,1869-08-12
"Absalom, Absalom!",AA,15841,1869-08-17 , 1869-08-20
"Absalom, Absalom!",AA,15842,1869-08-12,1869-08-12
"Absalom, Absalom!",AA,15847,1869-08-13 , 1960-12-31
"Absalom, Absalom!",AA,15849,1870-01-01 , 1870-05-31
"Absalom, Absalom!",AA,15858,1870-06-01 , 1870-08-31
"Absalom, Absalom!",AA,15859,1870-06-08 , 1870-08-31
"Absalom, Absalom!",AA,15863,1871-12-20 , 1871-12-31
"Absalom, Absalom!",AA,15864,1871-12-10 , 1871-12-20
"Absalom, Absalom!",AA,15866,1872-01-01 , 1872-12-31
"Absalom, Absalom!",AA,15867,1875-01-01 , 1875-12-31
"Absalom, Absalom!",AA,15868,1872-01-01 , 1872-12-31
"Absalom, Absalom!",AA,15869,1873-01-01 , 1873-12-31
"Absalom, Absalom!",AA,15871,1880-01-02 , 1880-12-31
"Absalom, Absalom!",AA,15873,1880-01-01 , 1880-12-31
"Absalom, Absalom!",AA,15874,1880-01-02 , 1880-12-31
"Absalom, Absalom!",AA,15878,1882-01-01 , 1882-12-31
"Absalom, Absalom!",AA,15879,1880-06-01 , 1881-05-31
"Absalom, Absalom!",AA,15880,1882-01-01 , 1882-12-31
"Absalom, Absalom!",AA,15881,1880-01-04 , 1880-12-31
"Absalom, Absalom!",AA,15887,1881-01-02 , 1884-12-30
"Absalom, Absalom!",AA,15892,1910-01-13,1910-01-13
"Absalom, Absalom!",AA,15894,1884-02-01 , 1884-02-11
"Absalom, Absalom!",AA,15903,1895-01-01 , 1900-12-31
"Absalom, Absalom!",AA,15904,1900-01-01 , 1905-12-31
"Absalom, Absalom!",AA,15905,1908-09-01 , 1908-10-31
"Absalom, Absalom!",AA,15906,1900-01-01 , 1905-12-31
"Absalom, Absalom!",AA,15910,1909-09-06,1909-09-06
"Absalom, Absalom!",AA,15912,1834-06-01 , 1834-08-31
"Absalom, Absalom!",AA,15914,1834-06-01 , 1834-08-31
"Absalom, Absalom!",AA,15917,1834-06-02 , 1834-08-31
"Absalom, Absalom!",AA,15919,1820-03-01 , 1820-12-31
"Absalom, Absalom!",AA,15924,1817-01-02 , 1818-12-31
"Absalom, Absalom!",AA,15925,1818-01-01 , 1819-12-31
"Absalom, Absalom!",AA,15935,1823-01-01 , 1823-12-31
"Absalom, Absalom!",AA,15936,1864-11-01 , 1864-11-30
"Absalom, Absalom!",AA,15938,1834-06-03 , 1834-08-31
"Absalom, Absalom!",AA,15940,1819-11-02 , 1820-02-28
"Absalom, Absalom!",AA,15943,1834-06-03 , 1834-08-31
"Absalom, Absalom!",AA,15947,1823-01-01 , 1826-12-31
"Absalom, Absalom!",AA,15962,1826-01-10 , 1826-12-31
"Absalom, Absalom!",AA,15971,1834-06-03 , 1834-08-31
"Absalom, Absalom!",AA,15975,1826-01-10 , 1826-12-31
"Absalom, Absalom!",AA,15977,1834-06-03 , 1834-08-31
"Absalom, Absalom!",AA,15978,1826-01-10 , 1826-12-31
"Absalom, Absalom!",AA,15980,1826-01-10 , 1826-12-31
"Absalom, Absalom!",AA,15989,1826-01-01 , 1826-12-31
"Absalom, Absalom!",AA,15990,1826-01-01 , 1826-12-31
"Absalom, Absalom!",AA,15992,1826-01-07 , 1826-12-31
"Absalom, Absalom!",AA,15996,1826-01-10 , 1826-12-31
"Absalom, Absalom!",AA,15997,1826-01-18 , 1826-12-31
"Absalom, Absalom!",AA,15999,1826-01-18 , 1826-12-31
"Absalom, Absalom!",AA,16000,1834-06-03 , 1834-08-31
"Absalom, Absalom!",AA,16001,1826-01-19 , 1826-01-31
"Absalom, Absalom!",AA,16004,1834-06-04 , 1834-08-31
"Absalom, Absalom!",AA,16005,1835-01-01 , 1835-12-31
"Absalom, Absalom!",AA,16006,1834-06-04 , 1834-08-31
"Absalom, Absalom!",AA,16008,1834-09-01 , 1845-12-31
"Absalom, Absalom!",AA,16014,1839-01-01 , 1841-12-31
"Absalom, Absalom!",AA,16015,1831-01-01 , 1831-12-31
"Absalom, Absalom!",AA,16017,1827-01-01 , 1827-12-31
"Absalom, Absalom!",AA,16018,1831-01-01 , 1831-12-31
"Absalom, Absalom!",AA,16020,1910-01-13,1910-01-13
"Absalom, Absalom!",AA,16021,1859-12-25,1859-12-25
"Absalom, Absalom!",AA,16023,1831-01-01 , 1841-12-31
"Absalom, Absalom!",AA,16026,1864-11-01 , 1864-12-25
"Absalom, Absalom!",AA,16027,1859-12-25 , 1860-01-07
"Absalom, Absalom!",AA,16030,1860-12-24,1860-12-24
"Absalom, Absalom!",AA,16033,1864-11-01 , 1864-11-30
"Absalom, Absalom!",AA,16035,1864-11-01 , 1864-11-30
"Absalom, Absalom!",AA,16043,1866-07-01 , 1867-12-31
"Absalom, Absalom!",AA,16051,1869-08-18 , 1869-08-20
"Absalom, Absalom!",AA,16052,1869-08-12,1869-08-12
"Absalom, Absalom!",AA,16054,1869-08-11,1869-08-11
"Absalom, Absalom!",AA,16056,1869-08-12,1869-08-12
"Absalom, Absalom!",AA,16063,1910-01-13,1910-01-13
"Absalom, Absalom!",AA,16067,1860-12-24 , 1860-12-25
"Absalom, Absalom!",AA,16068,1860-12-24,1860-12-24
"Absalom, Absalom!",AA,16070,1833-01-01 , 1849-12-31
"Absalom, Absalom!",AA,16071,1910-01-13,1910-01-13
"Absalom, Absalom!",AA,16072,1849-01-01 , 1858-12-31
"Absalom, Absalom!",AA,16073,1849-01-01 , 1858-12-31
"Absalom, Absalom!",AA,16074,1833-01-01 , 1858-12-31
"Absalom, Absalom!",AA,16075,1833-06-07 , 1841-12-31
"Absalom, Absalom!",AA,16076,1841-01-01 , 1858-12-31
"Absalom, Absalom!",AA,16078,1910-01-13 , 1910-01-14
"Absalom, Absalom!",AA,16079,1855-01-01 , 1858-12-31
"Absalom, Absalom!",AA,16082,1855-01-01 , 1858-12-31
"Absalom, Absalom!",AA,16083,1859-09-01 , 1859-09-30
"Absalom, Absalom!",AA,16089,1859-08-02 , 1859-08-31
"Absalom, Absalom!",AA,16090,1910-01-14,1910-01-14
"Absalom, Absalom!",AA,16092,1859-08-03 , 1859-08-31
"Absalom, Absalom!",AA,16097,1859-09-10 , 1859-10-31
"Absalom, Absalom!",AA,16104,1859-12-25 , 1863-01-23
"Absalom, Absalom!",AA,16105,1859-12-25,1859-12-25
"Absalom, Absalom!",AA,16106,1860-01-03 , 1860-01-05
"Absalom, Absalom!",AA,16107,1910-01-14,1910-01-14
"Absalom, Absalom!",AA,16111,1910-01-14,1910-01-14
"Absalom, Absalom!",AA,16116,1909-06-01 , 1909-06-10
"Absalom, Absalom!",AA,16118,1910-01-14,1910-01-14
"Absalom, Absalom!",AA,16121,1860-06-01 , 1860-06-10
"Absalom, Absalom!",AA,16122,1860-04-01 , 1860-05-31
"Absalom, Absalom!",AA,16124,1860-06-01 , 1860-06-10
"Absalom, Absalom!",AA,16128,1860-06-12 , 1860-06-30
"Absalom, Absalom!",AA,16131,1860-06-13 , 1860-08-31
"Absalom, Absalom!",AA,16133,1860-12-01 , 1860-12-25
"Absalom, Absalom!",AA,16135,1860-12-24,1860-12-24
"Absalom, Absalom!",AA,16136,1860-12-24,1860-12-24
"Absalom, Absalom!",AA,16137,1860-12-24,1860-12-24
"Absalom, Absalom!",AA,16139,1860-12-24,1860-12-24
"Absalom, Absalom!",AA,16140,1860-12-25,1860-12-25
"Absalom, Absalom!",AA,16141,1860-12-25,1860-12-25
"Absalom, Absalom!",AA,16143,1910-01-14,1910-01-14
"Absalom, Absalom!",AA,16145,1909-09-06,1909-09-06
"Absalom, Absalom!",AA,16146,1910-01-14,1910-01-14
"Absalom, Absalom!",AA,16147,1860-12-28 , 1860-12-31
"Absalom, Absalom!",AA,16149,1861-01-01 , 1861-01-06
"Absalom, Absalom!",AA,16150,1860-01-08 , 1860-01-31
"Absalom, Absalom!",AA,16154,1861-01-11 , 1861-01-31
"Absalom, Absalom!",AA,16155,1861-01-16 , 1861-01-31
"Absalom, Absalom!",AA,16160,1861-05-02 , 1861-05-31
"Absalom, Absalom!",AA,16165,1862-04-07,1862-04-07
"Absalom, Absalom!",AA,16168,1910-01-14,1910-01-14
"Absalom, Absalom!",AA,16169,1864-01-01 , 1865-02-28
"Absalom, Absalom!",AA,16170,1864-01-01 , 1865-02-28
"Absalom, Absalom!",AA,16171,1910-01-14,1910-01-14
"Absalom, Absalom!",AA,16176,1865-03-01 , 1865-03-31
"Absalom, Absalom!",AA,16182,1910-01-14,1910-01-14
"Absalom, Absalom!",AA,16187,1865-05-03,1865-05-03
"Absalom, Absalom!",AA,16194,1858-01-01 , 1866-01-31
"Absalom, Absalom!",AA,16195,1866-01-01 , 1867-12-31
"Absalom, Absalom!",AA,16196,1910-01-14,1910-01-14
"Absalom, Absalom!",AA,16198,1909-09-06,1909-09-06
"Absalom, Absalom!",AA,16199,1909-09-06,1909-09-06
"Absalom, Absalom!",AA,16203,1909-09-06,1909-09-06
"Absalom, Absalom!",AA,16210,1909-09-06,1909-09-06
"Absalom, Absalom!",AA,16212,1909-09-06,1909-09-06
"Absalom, Absalom!",AA,16213,1909-09-06,1909-09-06
"Absalom, Absalom!",AA,16217,1909-12-26 , 1909-12-27
"Absalom, Absalom!",AA,16220,1910-01-14,1910-01-14
"Absalom, Absalom!",AA,16222,1910-01-09,1910-01-09
"Absalom, Absalom!",AA,16224,1910-01-14,1910-01-14
"Absalom, Absalom!",AA,16436,1909-09-06,1909-09-06
"Absalom, Absalom!",AA,22379,1730-01-01 , 1770-12-31
"Absalom, Absalom!",AA,22569,1880-01-01 , 1880-12-31
"Absalom, Absalom!",AA,22570,1880-01-01 , 1880-12-31
,,,,
,,,,
,,,,
,,,,
,,,,
,,,,
,,,,
,,,,
,,,,
,,,,
,,,,
,,,,
,,,,
,,,,
,,,,
,,,,
,,,,
,,,,
,,,,
,,,,
,,,,
,,,,
,,,,
,,,,
,,,,
,,,,
,,,,
,,,,
,,,,
,,,,
,,,,
,,,,
,,,,
,,,,
,,,,
,,,,
,,,,
,,,,
,,,,
,,,,
,,,,
,,,,
,,,,
,,,,
,,,,
,,,,
,,,,
,,,,
,,,,
,,,,
,,,,
,,,,
,,,,
,,,,
,,,,
,,,,
,,,,
,,,,
,,,,
,,,,
,,,,
,,,,
,,,,
,,,,
,,,,
,,,,
,,,,
,,,,
,,,,
,,,,
,,,,
,,,,
,,,,
,,,,
,,,,
,,,,
,,,,
,,,,
,,,,
,,,,
,,,,
,,,,
,,,,
,,,,
,,,,
,,,,
,,,,
,,,,
,,,,
,,,,
,,,,
,,,,
,,,,
,,,,
,,,,
,,,,
,,,,
,,,,
,,,,
,,,,
,,,,
,,,,
,,,,
,,,,
,,,,
,,,,
,,,,
,,,,
,,,,
,,,,
,,,,
,,,,
,,,,
,,,,
,,,,
,,,,
,,,,
,,,,
,,,,
,,,,
,,,,
,,,,
,,,,
,,,,
,,,,
,,,,
,,,,
,,,,
,,,,
,,,,
,,,,
,,,,
,,,,
,,,,
,,,,
,,,,
,,,,
,,,,
,,,,
,,,,
,,,,
,,,,
,,,,
,,,,
,,,,
,,,,
,,,,
,,,,
,,,,
,,,,
,,,,
,,,,
,,,,
,,,,
,,,,
,,,,
,,,,
,,,,
,,,,
,,,,
,,,,
,,,,
,,,,
,,,,
,,,,
,,,,
,,,,
,,,,
,,,,
,,,,
,,,,
,,,,
,,,,
,,,,
,,,,
,,,,
,,,,
,,,,
,,,,
,,,,
,,,,
,,,,
,,,,
,,,,
,,,,
,,,,
,,,,
,,,,
,,,,
,,,,
,,,,
,,,,
,,,,
,,,,
,,,,
,,,,
,,,,
,,,,
,,,,
,,,,
,,,,
,,,,
,,,,
,,,,
,,,,
,,,,
,,,,
,,,,
,,,,
,,,,
,,,,
,,,,
,,,,
,,,,
,,,,
,,,,
,,,,
,,,,
,,,,
,,,,
,,,,
,,,,
,,,,
,,,,
,,,,
,,,,
,,,,
,,,,
,,,,
,,,,
,,,,
,,,,
,,,,
,,,,
,,,,
,,,,
,,,,
,,,,
,,,,
,,,,
,,,,
,,,,
,,,,
,,,,
,,,,
,,,,
,,,,
,,,,
,,,,
,,,,
,,,,
,,,,
,,,,
,,,,
,,,,
,,,,
,,,,
,,,,
,,,,
,,,,
,,,,
,,,,
,,,,
,,,,
,,,,
,,,,
,,,,
,,,,
,,,,
,,,,
,,,,
,,,,
,,,,
,,,,
,,,,
,,,,
,,,,
,,,,
,,,,
,,,,
,,,,
,,,,
,,,,
,,,,
,,,,
,,,,
,,,,
,,,,
,,,,
,,,,
,,,,
,,,,
,,,,
,,,,
,,,,
,,,,
,,,,
,,,,
,,,,
,,,,
,,,,
,,,,
,,,,
,,,,
,,,,
,,,,
,,,,
,,,,
,,,,
,,,,
,,,,
,,,,
,,,,
,,,,
,,,,
,,,,
,,,,
,,,,
,,,,
,,,,
,,,,
,,,,
,,,,
,,,,
,,,,
,,,,
,,,,
,,,,
,,,,
,,,,
,,,,
,,,,
,,,,
,,,,
,,,,
,,,,
,,,,
,,,,
,,,,
,,,,
,,,,
,,,,
,,,,
,,,,
,,,,
,,,,
,,,,
,,,,
,,,,
,,,,
,,,,
,,,,
,,,,
,,,,
,,,,
,,,,
,,,,
,,,,
,,,,
,,,,
,,,,
,,,,
,,,,
,,,,
,,,,
,,,,
,,,,
,,,,
,,,,
,,,,
,,,,
,,,,
,,,,
,,,,
,,,,
,,,,
,,,,
,,,,
,,,,
,,,,
,,,,
,,,,
,,,,
,,,,
,,,,
,,,,
,,,,
,,,,
,,,,
,,,,
,,,,
,,,,
,,,,
,,,,
,,,,
,,,,
,,,,
,,,,
,,,,
,,,,
,,,,
,,,,
,,,,
,,,,
,,,,
,,,,
,,,,
,,,,
,,,,
,,,,
,,,,
,,,,
,,,,
,,,,
,,,,
,,,,
,,,,
,,,,
,,,,
,,,,
,,,,
,,,,
,,,,
,,,,
,,,,
,,,,
,,,,
,,,,
,,,,
,,,,
,,,,
,,,,
,,,,
,,,,
,,,,
,,,,
,,,,
,,,,
,,,,
,,,,
,,,,
,,,,
,,,,
,,,,
,,,,
,,,,
,,,,
,,,,
,,,,
,,,,
,,,,
,,,,
,,,,
,,,,
,,,,
,,,,
,,,,
,,,,
,,,,
,,,,
,,,,
,,,,
,,,,
,,,,
,,,,
,,,,
,,,,
,,,,
,,,,
,,,,
,,,,
,,,,
,,,,
,,,,
,,,,
,,,,
,,,,
,,,,
,,,,
,,,,
,,,,
,,,,
,,,,
,,,,
,,,,
,,,,
,,,,
,,,,
,,,,
,,,,
,,,,
,,,,
,,,,
,,,,
,,,,
,,,,
,,,,
,,,,
,,,,
,,,,
,,,,
,,,,
,,,,
,,,,
,,,,
,,,,
,,,,
,,,,
,,,,
,,,,
,,,,
,,,,
,,,,
,,,,
,,,,
,,,,
,,,,
,,,,
,,,,
,,,,
,,,,
,,,,
,,,,
,,,,
,,,,
,,,,
,,,,
,,,,
,,,,
,,,,
,,,,
,,,,
,,,,
,,,,
,,,,
,,,,
,,,,
,,,,
,,,,
,,,,
,,,,
,,,,
,,,,
,,,,
,,,,
,,,,
,,,,
,,,,
,,,,
,,,,
,,,,
,,,,
,,,,
,,,,
,,,,
,,,,
,,,,
,,,,
,,,,
,,,,
,,,,
,,,,
,,,,
,,,,
,,,,
,,,,
,,,,
,,,,
,,,,
,,,,
,,,,
,,,,
,,,,
,,,,
,,,,
,,,,
,,,,
,,,,
,,,,
,,,,
,,,,
,,,,
,,,,
,,,,
,,,,
,,,,
,,,,
,,,,
,,,,
,,,,
,,,,
,,,,
,,,,
,,,,
,,,,
,,,,
,,,,
,,,,
,,,,
,,,,
,,,,
,,,,
,,,,
,,,,
,,,,
,,,,
,,,,
,,,,
,,,,
,,,,
,,,,
,,,,
,,,,
,,,,
,,,,
,,,,
,,,,
,,,,
,,,,
,,,,
,,,,
,,,,
,,,,
,,,,
,,,,
,,,,
,,,,
,,,,
,,,,
,,,,
,,,,
,,,,
,,,,
,,,,
,,,,
,,,,
,,,,
,,,,
,,,,
,,,,
,,,,
,,,,
,,,,
,,,,
,,,,
,,,,
,,,,
,,,,
,,,,
,,,,
,,,,
,,,,
,,,,
,,,,
,,,,
,,,,
,,,,
,,,,
,,,,
,,,,
,,,,
,,,,
,,,,
,,,,
,,,,
,,,,
,,,,
,,,,
,,,,
,,,,
,,,,
,,,,
,,,,
,,,,
,,,,
,,,,
,,,,
,,,,
,,,,
,,,,
,,,,
,,,,
,,,,
,,,,
,,,,
,,,,
,,,,
,,,,
,,,,
,,,,
,,,,
,,,,
,,,,
,,,,
,,,,
,,,,
,,,,
,,,,
,,,,
,,,,
,,,,
,,,,
,,,,
,,,,
,,,,
,,,,
,,,,
,,,,
,,,,
,,,,
,,,,
,,,,
,,,,
,,,,
,,,,
,,,,
,,,,
,,,,
,,,,
,,,,
,,,,
,,,,
,,,,
,,,,
,,,,
,,,,
,,,,
,,,,
,,,,
,,,,
,,,,
,,,,
,,,,
,,,,
,,,,
,,,,
,,,,
,,,,
,,,,
,,,,
,,,,
,,,,
,,,,
,,,,
,,,,
,,,,
,,,,
,,,,
,,,,
,,,,
,,,,
,,,,
,,,,
,,,,
,,,,
,,,,
,,,,
,,,,
,,,,
,,,,
,,,,
,,,,
,,,,
,,,,
,,,,
,,,,
,,,,
,,,,
,,,,
,,,,
,,,,
,,,,
,,,,
,,,,
,,,,
,,,,
,,,,
,,,,
,,,,
,,,,
,,,,
,,,,
,,,,
,,,,
,,,,
,,,,
,,,,
,,,,
,,,,
,,,,
,,,,
,,,,
,,,,
,,,,
,,,,
,,,,
,,,,
,,,,
,,,,
,,,,
,,,,
,,,,
,,,,
,,,,
,,,,
,,,,
,,,,
,,,,
,,,,
,,,,
,,,,
,,,,
,,,,
,,,,
,,,,
,,,,
,,,,
,,,,
,,,,
,,,,
,,,,
,,,,
,,,,
,,,,
,,,,
,,,,
,,,,
,,,,
,,,,
,,,,
,,,,
,,,,
,,,,
,,,,
,,,,
,,,,
,,,,
,,,,
,,,,
,,,,
,,,,
,,,,
,,,,
,,,,
,,,,
,,,,
,,,,
,,,,
,,,,
,,,,
,,,,
,,,,
,,,,
,,,,
,,,,
,,,,
,,,,
,,,,
,,,,
,,,,
,,,,
,,,,
,,,,
,,,,
,,,,
,,,,
,,,,
,,,,
,,,,
,,,,
,,,,
,,,,
,,,,
,,,,
,,,,
,,,,
,,,,
,,,,
,,,,
,,,,
,,,,
,,,,
,,,,
,,,,
,,,,
,,,,
,,,,
,,,,
,,,,
,,,,
,,,,
,,,,
,,,,
,,,,
,,,,
,,,,
,,,,
,,,,
,,,,
,,,,
,,,,
,,,,
,,,,
,,,,
,,,,
,,,,
,,,,
,,,,
,,,,
,,,,
,,,,
,,,,
,,,,
,,,,
,,,,
,,,,
,,,,
,,,,
,,,,
,,,,
,,,,
,,,,
,,,,
,,,,
,,,,
,,,,
,,,,
,,,,
,,,,
,,,,
,,,,
,,,,
,,,,
,,,,
,,,,
,,,,
,,,,
,,,,
,,,,
,,,,
,,,,
,,,,
,,,,
,,,,
,,,,
,,,,
,,,,
,,,,
,,,,
,,,,
,,,,
,,,,
,,,,
,,,,
,,,,
,,,,
,,,,
,,,,
,,,,
,,,,
,,,,
,,,,
,,,,
,,,,
,,,,
,,,,
,,,,
,,,,
,,,,
,,,,
,,,,
,,,,
,,,,
,,,,
,,,,
,,,,
,,,,
,,,,
,,,,
,,,,
,,,,
,,,,
,,,,
,,,,
,,,,
,,,,
,,,,
,,,,
,,,,
,,,,
,,,,
,,,,
,,,,
,,,,
,,,,
,,,,
,,,,
,,,,
,,,,
,,,,
,,,,
,,,,
,,,,
,,,,
,,,,
,,,,
,,,,
,,,,
,,,,
,,,,
,,,,
,,,,
,,,,
,,,,
,,,,
,,,,
,,,,
,,,,
,,,,
,,,,
,,,,
,,,,
,,,,
,,,,
,,,,
,,,,
,,,,
,,,,
,,,,
,,,,
,,,,
,,,,
,,,,
,,,,
,,,,
,,,,
,,,,
,,,,
,,,,
,,,,
,,,,
,,,,
,,,,
,,,,
,,,,
,,,,
,,,,
,,,,
,,,,
,,,,
,,,,
,,,,
,,,,
,,,,
,,,,
,,,,
,,,,
,,,,
,,,,
,,,,
,,,,
,,,,
,,,,
,,,,
,,,,
,,,,
,,,,
,,,,
,,,,
,,,,
,,,,
,,,,
,,,,
,,,,
,,,,
,,,,
,,,,
,,,,
,,,,
,,,,
,,,,
,,,,
,,,,
,,,,
,,,,
,,,,
,,,,
,,,,
,,,,
,,,,
,,,,
,,,,
,,,,
,,,,
,,,,
,,,,
,,,,
,,,,
,,,,
,,,,
,,,,
,,,,
,,,,
,,,,
,,,,
,,,,
,,,,
,,,,
,,,,
,,,,
,,,,
,,,,
,,,,
,,,,
,,,,
,,,,
,,,,
,,,,
,,,,
,,,,
,,,,
,,,,
,,,,
,,,,
,,,,
,,,,
,,,,
,,,,
,,,,
,,,,
,,,,
,,,,
,,,,
,,,,
,,,,
,,,,
,,,,
,,,,
,,,,
,,,,
,,,,
,,,,
,,,,
,,,,
,,,,
,,,,
,,,,
,,,,
,,,,
,,,,
,,,,
,,,,
,,,,
,,,,
,,,,
,,,,
,,,,
,,,,
,,,,
,,,,
,,,,
,,,,
,,,,
,,,,
,,,,
,,,,
,,,,
,,,,
,,,,
,,,,
,,,,
,,,,
,,,,
,,,,
,,,,
,,,,
,,,,
,,,,
,,,,
,,,,
,,,,
,,,,
,,,,
,,,,
,,,,
,,,,
,,,,
,,,,
,,,,
,,,,
,,,,
,,,,
,,,,
,,,,
,,,,
,,,,
,,,,
,,,,
,,,,
,,,,
,,,,
,,,,
,,,,
,,,,
,,,,
,,,,
,,,,
,,,,
,,,,
,,,,
,,,,
,,,,
,,,,
,,,,
,,,,
,,,,
,,,,
,,,,
,,,,
,,,,
,,,,
,,,,
,,,,
,,,,
,,,,
,,,,
,,,,
,,,,
,,,,
,,,,
,,,,
,,,,
,,,,
,,,,
,,,,
,,,,
,,,,
,,,,
,,,,
,,,,
,,,,
,,,,
,,,,
,,,,
,,,,
,,,,
,,,,
,,,,
,,,,
,,,,
,,,,
,,,,
,,,,
,,,,
,,,,
,,,,
,,,,
,,,,
,,,,
,,,,
,,,,
,,,,
,,,,
,,,,
,,,,
,,,,
,,,,
,,,,
,,,,
,,,,
,,,,
,,,,
,,,,
,,,,
,,,,
,,,,
,,,,
,,,,
,,,,
,,,,
,,,,
,,,,
,,,,
,,,,
,,,,
,,,,
,,,,
,,,,
,,,,
,,,,
,,,,
,,,,
,,,,
,,,,
,,,,
,,,,
,,,,
,,,,
,,,,
,,,,
,,,,
,,,,
,,,,
,,,,
,,,,
,,,,
,,,,
,,,,
,,,,
,,,,
,,,,
,,,,
,,,,
,,,,
,,,,
,,,,
,,,,
,,,,
,,,,
,,,,
,,,,
,,,,
,,,,
,,,,
,,,,
,,,,
,,,,
,,,,
,,,,
,,,,
,,,,
,,,,
,,,,
,,,,
,,,,
,,,,
,,,,
,,,,
,,,,
,,,,
,,,,
,,,,
,,,,
,,,,
,,,,
,,,,
,,,,
,,,,
,,,,
,,,,
,,,,
,,,,
,,,,
,,,,
,,,,
,,,,
,,,,
,,,,
,,,,
,,,,
,,,,
,,,,
,,,,
,,,,
,,,,
,,,,
,,,,
,,,,
,,,,
,,,,
,,,,
,,,,
,,,,
,,,,
,,,,
,,,,
,,,,
,,,,
,,,,
,,,,
,,,,
,,,,
,,,,
,,,,
,,,,
,,,,
,,,,
,,,,
,,,,
,,,,
,,,,
,,,,
,,,,
,,,,
,,,,
,,,,
,,,,
,,,,
,,,,
,,,,
,,,,
,,,,
,,,,
,,,,
,,,,
,,,,
,,,,
,,,,
,,,,
,,,,
,,,,
,,,,
,,,,
,,,,
,,,,
,,,,
,,,,
,,,,
,,,,
,,,,
,,,,
,,,,
,,,,
,,,,
,,,,
,,,,
,,,,
,,,,
,,,,
,,,,
,,,,
,,,,
,,,,
,,,,
,,,,
,,,,
,,,,
,,,,
,,,,
,,,,
,,,,
,,,,
,,,,
,,,,
,,,,
,,,,
,,,,
,,,,
,,,,
,,,,
,,,,
,,,,
,,,,
,,,,
,,,,
,,,,
,,,,
,,,,
,,,,
,,,,
,,,,
,,,,
,,,,
,,,,
,,,,
,,,,
,,,,
,,,,
,,,,
,,,,
,,,,
,,,,
,,,,
,,,,
,,,,
,,,,
,,,,
,,,,
,,,,
,,,,
,,,,
,,,,
,,,,
,,,,
,,,,
,,,,
,,,,
,,,,
,,,,
,,,,
,,,,
,,,,
,,,,
,,,,
,,,,
,,,,
,,,,
,,,,
,,,,
,,,,
,,,,
,,,,
,,,,
,,,,
,,,,
,,,,
,,,,
,,,,
,,,,
,,,,
,,,,
,,,,
,,,,
,,,,
,,,,
,,,,
,,,,
,,,,
,,,,
,,,,
,,,,
,,,,
,,,,
,,,,
,,,,
,,,,
,,,,
,,,,
,,,,
,,,,
,,,,
,,,,
,,,,
,,,,
,,,,
,,,,
,,,,
,,,,
,,,,
,,,,
,,,,
,,,,
,,,,
,,,,
,,,,
,,,,
,,,,
,,,,
,,,,
,,,,
,,,,
,,,,
,,,,
,,,,
,,,,
,,,,
,,,,
,,,,
,,,,
,,,,
,,,,
,,,,
,,,,
,,,,
,,,,
,,,,
,,,,
,,,,
,,,,
,,,,
,,,,
,,,,
,,,,
,,,,
,,,,
,,,,
,,,,
,,,,
,,,,
,,,,
,,,,
,,,,
,,,,
,,,,
,,,,
,,,,
,,,,
,,,,
,,,,
,,,,
,,,,
,,,,
,,,,
,,,,
,,,,
,,,,
,,,,
,,,,
,,,,
,,,,
,,,,
,,,,
,,,,
,,,,
,,,,
,,,,
,,,,
,,,,
,,,,
,,,,
,,,,
,,,,
,,,,
,,,,
,,,,
,,,,
,,,,
,,,,
,,,,
,,,,
,,,,
,,,,
,,,,
,,,,
,,,,
,,,,
,,,,
,,,,
,,,,
,,,,
,,,,
,,,,
,,,,
,,,,
,,,,
,,,,
,,,,
,,,,
,,,,
,,,,
,,,,
,,,,
,,,,
,,,,
,,,,
,,,,
,,,,
,,,,
,,,,
,,,,
,,,,
,,,,
,,,,
,,,,
,,,,
,,,,
,,,,
,,,,
,,,,
,,,,
,,,,
,,,,
,,,,
,,,,
,,,,
,,,,
,,,,
,,,,
,,,,
,,,,
,,,,
,,,,
,,,,
,,,,
,,,,
,,,,
,,,,
,,,,
,,,,
,,,,
,,,,
,,,,
,,,,
,,,,
,,,,
,,,,
,,,,
,,,,
,,,,
,,,,
,,,,
,,,,
,,,,
,,,,
,,,,
,,,,
,,,,
,,,,
,,,,
,,,,
,,,,
,,,,
,,,,
,,,,
,,,,
,,,,
,,,,
,,,,
,,,,
,,,,
,,,,
,,,,
,,,,
,,,,
,,,,
,,,,
,,,,
,,,,
,,,,
,,,,
,,,,
,,,,
,,,,
,,,,
,,,,
,,,,
,,,,
,,,,
,,,,
,,,,
,,,,
,,,,
,,,,
,,,,
,,,,
,,,,
,,,,
,,,,
,,,,
,,,,
,,,,
,,,,
,,,,
,,,,
,,,,
,,,,
,,,,
,,,,
,,,,
,,,,
,,,,
,,,,
,,,,
,,,,
,,,,
,,,,
,,,,
,,,,
,,,,
,,,,
,,,,
,,,,
,,,,
,,,,
,,,,
,,,,
,,,,
,,,,
,,,,
,,,,
,,,,
,,,,
,,,,
,,,,
,,,,
,,,,
,,,,
,,,,
,,,,
,,,,
,,,,
,,,,
,,,,
,,,,
,,,,
,,,,
,,,,
,,,,
,,,,
,,,,
,,,,
,,,,
,,,,
,,,,
,,,,
,,,,
,,,,
,,,,
,,,,
,,,,
,,,,
,,,,
,,,,
,,,,
,,,,
,,,,
,,,,
,,,,
,,,,
,,,,
,,,,
,,,,
,,,,
,,,,
,,,,
,,,,
,,,,
,,,,
,,,,
,,,,
,,,,
,,,,
,,,,
,,,,
,,,,
,,,,
,,,,
,,,,
,,,,
,,,,
,,,,
,,,,
,,,,
,,,,
,,,,
,,,,
,,,,
,,,,
,,,,
,,,,
,,,,
,,,,
,,,,
,,,,
,,,,
,,,,
,,,,
,,,,
,,,,
,,,,
,,,,
,,,,
,,,,
,,,,
,,,,
,,,,
,,,,
,,,,
,,,,
,,,,
,,,,
,,,,
,,,,
,,,,
,,,,
,,,,
,,,,
,,,,
,,,,
,,,,
,,,,
,,,,
,,,,
,,,,
,,,,
,,,,
,,,,
,,,,
,,,,
,,,,
,,,,
,,,,
,,,,
,,,,
,,,,
,,,,
,,,,
,,,,
,,,,
,,,,
,,,,
,,,,
,,,,
,,,,
,,,,
,,,,
,,,,
,,,,
,,,,
,,,,
,,,,
,,,,
,,,,
,,,,
,,,,
,,,,
,,,,
,,,,
,,,,
,,,,
,,,,
,,,,
,,,,
,,,,
,,,,
,,,,
,,,,
,,,,
,,,,
,,,,
,,,,
,,,,
,,,,
,,,,
,,,,
,,,,
,,,,
,,,,
,,,,
,,,,
,,,,
,,,,
,,,,
,,,,
,,,,
,,,,
,,,,
,,,,
,,,,
,,,,
,,,,
,,,,
,,,,
,,,,
,,,,
,,,,
,,,,
,,,,
,,,,
,,,,
,,,,
,,,,
,,,,
,,,,
,,,,
,,,,
,,,,
,,,,
,,,,
,,,,
,,,,
,,,,
,,,,
,,,,
,,,,
,,,,
,,,,
,,,,
,,,,
,,,,
,,,,
,,,,
,,,,
,,,,
,,,,
,,,,
,,,,
,,,,
,,,,
,,,,
,,,,
,,,,
,,,,
,,,,
,,,,
,,,,
,,,,
,,,,
,,,,
,,,,
,,,,
,,,,
,,,,
,,,,
,,,,
,,,,
,,,,
,,,,
